/***************************Role*************************************/
INSERT INTO `Role` (`RoleID`, `Name`, `Description`) 
VALUES 
(1, 'Admin', 'Admin'),
(2, 'HROfficer', '人事主管'),
(3, 'HR', '人事专员'),
(4, 'DepartmentOfficer', '部门主管'),
(5, 'User', '用户');

/**************************User**************************************/
INSERT INTO `User` (`UserID`, `Name`, `Password`, `RegisterDate`, `RoleID`)
VALUES 
(1, 'Admin', '$2a$10$R2O3b/ov9OS0Ph2N99HIU.npITLDCjTi.jLmDrSMQISLEn/SX4X9y', '2013-11-16 16:55:48', 1),
(2, 'HROfficer', '$2a$10$R2O3b/ov9OS0Ph2N99HIU.npITLDCjTi.jLmDrSMQISLEn/SX4X9y', '2013-11-16 16:55:48', 2),
(3, 'HR', '$2a$10$R2O3b/ov9OS0Ph2N99HIU.npITLDCjTi.jLmDrSMQISLEn/SX4X9y', '2013-11-16 16:55:48', 3),
(4, 'lifei', '$2a$10$R2O3b/ov9OS0Ph2N99HIU.npITLDCjTi.jLmDrSMQISLEn/SX4X9y', '2013-11-16 16:55:48', 4),
(5, 'georgeOfficer', '$2a$10$R2O3b/ov9OS0Ph2N99HIU.npITLDCjTi.jLmDrSMQISLEn/SX4X9y', '2013-11-16 16:55:48', 4),
(6, 'ben', '$2a$10$R2O3b/ov9OS0Ph2N99HIU.npITLDCjTi.jLmDrSMQISLEn/SX4X9y', '2013-11-16 16:55:48', 4),
(7, 'George', '$2a$10$R2O3b/ov9OS0Ph2N99HIU.npITLDCjTi.jLmDrSMQISLEn/SX4X9y', '2013-11-16 16:55:48', 5),
(8, 'DepartmentOfficer', '$2a$10$R2O3b/ov9OS0Ph2N99HIU.npITLDCjTi.jLmDrSMQISLEn/SX4X9y', '2013-11-16 16:55:48', 4);

/**************************department********************************/
INSERT INTO `Department` (`DepartmentID`, `Name`, `Type`, `Leader`, `OfficeAddress`, `OfficeTelephone`, `PostalCode`, `PostalAddress`, `Introduction`, `UserID`, `MarkForDelete`)
VALUES 
('1', '研发部', '研发部', 'lifei', '1号楼1楼101室', '13663815937', '450001', '河南省郑州市金水区', '负责研发', '4', false),
('2', '测试部', '测试部', 'george', '1号楼1楼102室', '13663815937', '450001', '河南省郑州市金水区', '负责测试', '5', false),
('3', '市场部', '市场部', 'ben', '1号楼1楼103室', '13663815937', '450001', '河南省郑州市金水区', '负责销售', '6', false);


INSERT INTO `UserInfo` (`UserInfoID`, `RealName`, `CardID`, `Gender`, `Nation`, `Politics`, `Hometown`, `PostalAddress`, `PostalCode`, `Photo`, `PhotoID`, `Marrige`, `Phone`, `ForeignLanguage`, `ComputerLevel`, `UserID`) 
VALUES 
(1, '蒋殷杰', '320483199204087012', '男', '中国', '', '常州 ', '江苏常州新北区', '213127', 'aaaa', '1', 0, '18661137241', '4', '4', '7');

INSERT INTO `Education` (`EducationID`, `Degree`, `GraduationDate`, `Major`, `MajorRanking`, `Academy`, `UserID`, `MarkForDelete`, `Num`)
VALUES
(1, '本科', '2013-11-16 16:55:48', '计算机', '20', '计算机学院', 7, 0, 1);

INSERT INTO `Job` (`JobID`, `Name`) 
VALUES 
(1, 'java程序员'),
(2, '.net程序员'),
(3, '测试人员');

INSERT INTO `JobRecruit` (`JobRecruitID`, `StartTime`, `ExpireTime`, `Person`, `Type`, `DepartmentID`, `MarkForDelete`, `JobID`) 
VALUES
(1, '2013-11-16 16:55:48', '2014-11-16 16:55:48', '2', '程序员', 1, 0, 1),
(2, '2013-11-16 16:55:48', '2014-11-16 16:55:48', '3', '测试员', 1, 0, 1),
(3, '2013-11-16 16:55:48', '2014-11-16 16:55:48', '5', '市场总监', 1, 0, 1),
(4, '2013-11-16 16:55:48', '2014-11-16 16:55:48', '6', '文员', 1, 0, 1),
(5, '2013-11-16 16:55:48', '2014-11-16 16:55:48', '4', '程序员', 1, 0, 1),
(6, '2013-11-16 16:55:48', '2014-11-16 16:55:48', '7', '程序员', 1, 0, 1),
(7, '2013-11-16 16:55:48', '2014-11-16 16:55:48', '8', '程序员', 1, 0, 1),
(8, '2013-11-16 16:55:48', '2014-11-16 16:55:48', '7', '程序员', 1, 0, 1),
(9, '2013-11-16 16:55:48', '2014-11-16 16:55:48', '10', '程序员', 1, 0, 1),
(10, '2013-11-16 16:55:48', '2014-11-16 16:55:48', '6', '程序员', 1, 0, 1),
(11, '2013-11-16 16:55:48', '2014-11-16 16:55:48', '8', '程序员', 1, 0, 1),
(12, '2013-11-16 16:55:48', '2014-11-16 16:55:48', '9', '程序员', 1, 0, 1),
(13, '2013-11-16 16:55:48', '2014-11-16 16:55:48', '3', '程序员', 1, 0, 1),
(14, '2013-11-16 16:55:48', '2014-11-16 16:55:48', '1', '程序员', 1, 0, 1),
(15, '2013-11-16 16:55:48', '2014-11-16 16:55:48', '4', '程序员', 1, 0, 1),
(16, '2013-11-16 16:55:48', '2014-11-16 16:55:48', '7', '程序员', 1, 0, 1),
(17, '2013-11-16 16:55:48', '2014-11-16 16:55:48', '8', '程序员', 1, 0, 1),
(18, '2013-11-16 16:55:48', '2014-11-16 16:55:48', '8', '程序员', 1, 0, 1),
(19, '2013-11-16 16:55:48', '2014-11-16 16:55:48', '8', '程序员', 1, 0, 1),
(20, '2013-11-16 16:55:48', '2014-11-16 16:55:48', '9', '程序员', 1, 0, 1),
(21, '2013-11-16 16:55:48', '2014-11-16 16:55:48', '1', '程序员', 1, 0, 1),
(22, '2013-11-16 16:55:48', '2014-11-16 16:55:48', '12', '程序员', 1, 0, 1),
(23, '2013-11-16 16:55:48', '2014-11-16 16:55:48', '5', '程序员', 1, 0, 1),
(24, '2013-11-16 16:55:48', '2014-11-16 16:55:48', '5', '程序员', 1, 0, 1),
(25, '2013-11-16 16:55:48', '2014-11-16 16:55:48', '10', '程序员', 1, 0, 1),
(26, '2013-11-16 16:55:48', '2014-11-16 16:55:48', '3', '程序员', 1, 0, 1),
(27, '2013-11-16 16:55:48', '2014-11-16 16:55:48', '3', '程序员', 1, 0, 1),
(28, '2013-11-16 16:55:48', '2014-11-16 16:55:48', '6', '程序员', 1, 0, 1),
(29, '2013-11-16 16:55:48', '2014-11-16 16:55:48', '2', '程序员', 1, 0, 1),
(30, '2013-11-16 16:55:48', '2014-11-16 16:55:48', '2', '程序员', 1, 0, 1),
(31, '2013-11-16 16:55:48', '2014-11-16 16:55:48', '6', '程序员', 1, 0, 1),
(32, '2013-11-16 16:55:48', '2014-11-16 16:55:48', '7', '程序员', 1, 0, 1),
(33, '2013-11-16 16:55:48', '2014-11-16 16:55:48', '4', '程序员', 1, 0, 1),
(34, '2013-11-16 16:55:48', '2014-11-16 16:55:48', '3', '程序员', 1, 0, 1),
(35, '2013-11-16 16:55:48', '2014-11-16 16:55:48', '2', '程序员', 1, 0, 1);

INSERT INTO `JobRequire` (`JobRequireID`, `Description`, `JobRecruitID`, `MarkForDelete`)
VALUES 
(1, 'ssh', 1, 0),
(2, 'mysql', 1, 0);

INSERT INTO `JobResponsibility` (`JobResponsibilityID`, `Description`, `JobRecruitID`, `MarkForDelete`) 
VALUES 
(1, '负责开发', 1, 0),
(2, '修bug', 1, 0);

INSERT INTO `Status` (`StatusID`, `Name`, `DefaultInfomation`) 
VALUES 
(1, 'New', '用户刚刚申请岗位'),
(2, 'DepartmentApprove', '部门主管审批通过'),
(3, 'DepartmentReject', '部门主管审批未通过'),
(4, 'HRApprove', '人事科员审批通过'),
(5, 'HRReject', '人事科员审批未通过'),
(6, 'HROfficerApprove', '人事领导审批通过'),
(7, 'HROfficerReject', '人事领导审批未通过');

INSERT INTO `JobRequest` (`JobRequestID`, `Remark`, `StatusChangeTime`, `UserID`, `StatusID`, `MarkForDelete`, `JobRecruitID`)
VALUES
(1, 'qqq', '2013-11-16 16:55:48', 7, 1, 0, 1);

INSERT INTO `JobRequestHistory` (`JobRequestHistoryID`, `OperationDate`, `OfficerID`, `OfficerName`, `JobRequestID`, `StatusID`)
VALUES
(1, '2013-11-16 16:55:48', 7, 'George', 1, 1);

